{
    "rmse": 0.7153389090746921,
    "mae": 0.5515572933510959,
    "r2": 0.21005016427591272
}